{
    "controller-serial-number": "49795F663732", 
    "directions": [
        1.0, 
        1.0, 
        -1.0, 
        1.0, 
        1.0
    ], 
    "offsets": [
        -3.485073450382277, 
        -2.0902063121884087, 
        2.0231856689118266, 
        -2.0860175219836226, 
        -0.46495571273128933
    ], 
    "servo-ids": [
        6, 
        3, 
        4, 
        5, 
        2
    ]
}