{
    "controller-serial-number": "49795F663732", 
    "directions": [
        1.0, 
        1.0, 
        -1.0, 
        1.0, 
        1.0
    ], 
    "offsets": [
        -3.472507079767918, 
        -1.8807668019490893, 
        2.07763994157405, 
        -2.8148670176164545, 
        -0.46495571273128933
    ], 
    "servo-ids": [
        6, 
        3, 
        4, 
        5, 
        2
    ]
}